,is_chained,NumWU,mac_cycles_per_WU,post_cycles_per_WU,ne_cycle_single_buffering,ne_cycle_double_buffering,pe_cycle,l2_bcast,lw_writeback,kdma,rdma,wdma,core_cycle_count,l2_cycle_count,power(W),estimated_time(ms)
1,0,2,4609,36,9254,9218,0,4096,32,33664,524288,0,9218,4096,5.89714,0.0047307
2,0,2,73729,392,147850,147458,0,8192,992,752384,0,0,147458,8192,0.639836,0.0587951
3,0,2,4609,36,9254,9218,0,4096,32,33664,0,0,9218,4096,0.457959,0.00367544
4,0,2,73729,392,147850,147458,0,8192,992,752384,0,0,147458,8192,0.639836,0.0587951
5,0,2,4609,36,9254,9218,0,4096,32,33664,0,0,9218,4096,0.457959,0.00367544
6,0,2,73729,392,147850,147458,0,8192,992,752384,0,0,147458,8192,0.639836,0.0587951
7,0,2,4609,36,9254,9218,0,4096,32,33664,0,0,9218,4096,0.457959,0.00367544
8,0,2,73729,392,147850,147458,0,8192,992,752384,0,0,147458,8192,0.639836,0.0587951
9,0,2,4609,36,9254,9218,0,4096,32,33664,0,0,9218,4096,0.457959,0.00367544
10,0,2,73729,392,147850,147458,0,8192,992,752384,0,0,147458,8192,0.639836,0.0587951
11,0,2,4609,36,9254,9218,0,4096,32,33664,0,0,9218,4096,0.457959,0.00367544
12,0,2,73729,392,147850,147458,0,8192,992,752384,0,0,147458,8192,0.639836,0.0587951
13,0,2,4609,36,9254,9218,0,4096,32,33664,0,0,9218,4096,0.457959,0.00367544
14,0,2,73729,392,147850,147458,0,8192,992,752384,0,0,147458,8192,0.639836,0.0587951
15,0,2,4609,36,9254,9218,0,4096,32,33664,0,0,9218,4096,0.457959,0.00367544
16,0,2,73729,392,147850,147458,0,8192,992,752384,0,0,147458,8192,0.639836,0.0587951
17,0,2,4609,36,9254,9218,0,4096,32,33664,0,0,9218,4096,0.457959,0.00367544
18,0,2,73729,392,147850,147458,0,8192,992,752384,0,0,147458,8192,0.639836,0.0587951
19,0,2,4609,36,9254,9218,0,4096,32,33664,0,0,9218,4096,0.457959,0.00367544
20,0,2,73729,392,147850,147458,0,8192,992,752384,0,0,147458,8192,0.639836,0.0587951
21,0,2,4609,36,9254,9218,0,4096,32,33664,0,0,9218,4096,0.457959,0.00367544
22,0,2,73729,392,147850,147458,0,8192,992,752384,0,0,147458,8192,0.639836,0.0587951
23,0,2,4609,36,9254,9218,0,4096,32,33664,0,0,9218,4096,0.457959,0.00367544
24,0,2,73729,392,147850,147458,0,8192,992,752384,0,0,147458,8192,0.639836,0.0587951
25,0,2,4609,36,9254,9218,0,4096,32,33664,0,0,9218,4096,0.457959,0.00367544
26,0,2,73729,392,147850,147458,0,8192,992,752384,0,0,147458,8192,0.639836,0.0587951
27,0,2,4609,36,9254,9218,0,4096,32,33664,0,0,9218,4096,0.457959,0.00367544
28,0,2,73729,392,147850,147458,0,8192,992,752384,0,0,147458,8192,0.639836,0.0587951
29,0,2,4609,36,9254,9218,0,4096,32,33664,0,0,9218,4096,0.457959,0.00367544
30,0,2,73729,392,147850,147458,0,8192,992,752384,0,0,147458,8192,0.639836,0.0587951
31,0,2,4609,36,9254,9218,0,4096,32,33664,0,0,9218,4096,0.457959,0.00367544
32,0,2,73729,392,147850,147458,0,8192,992,752384,0,0,147458,8192,0.639836,0.0587951
33,0,2,4609,36,9254,9218,0,4096,32,33664,0,0,9218,4096,0.457959,0.00367544
34,0,2,73729,392,147850,147458,0,8192,992,752384,0,0,147458,8192,0.639836,0.0587951
35,0,2,4609,36,9254,9218,0,4096,32,33664,0,0,9218,4096,0.457959,0.00367544
36,0,2,73729,392,147850,147458,0,8192,992,752384,0,0,147458,8192,0.639836,0.0587951
37,0,2,4609,36,9254,9218,0,4096,32,33664,0,0,9218,4096,0.457959,0.00367544
38,0,2,73729,392,147850,147458,0,8192,992,752384,0,0,147458,8192,0.639836,0.0587951
39,0,2,4609,36,9254,9218,0,4096,32,33664,0,0,9218,4096,0.457959,0.00367544
40,0,2,73729,392,147850,147458,0,8192,992,752384,0,0,147458,8192,0.639836,0.0587951
41,0,2,4609,36,9254,9218,0,4096,32,33664,0,0,9218,4096,0.457959,0.00367544
42,0,2,73729,392,147850,147458,0,8192,992,752384,0,0,147458,8192,0.639836,0.0587951
43,0,2,4609,36,9254,9218,0,4096,32,33664,0,0,9218,4096,0.457959,0.00367544
44,0,2,73729,392,147850,147458,0,8192,992,752384,0,0,147458,8192,0.639836,0.0587951
45,0,2,4609,36,9254,9218,0,4096,32,33664,0,0,9218,4096,0.457959,0.00367544
46,0,2,73729,392,147850,147458,0,8192,992,752384,0,0,147458,8192,0.639836,0.0587951
47,0,2,4609,36,9254,9218,0,4096,32,33664,0,0,9218,4096,0.457959,0.00367544
48,0,2,73729,392,147850,147458,0,8192,992,752384,0,0,147458,8192,0.639836,0.0587951
49,0,2,4609,36,9254,9218,0,4096,32,33664,0,0,9218,4096,0.457959,0.00367544
50,0,2,73729,392,147850,147458,0,8192,992,752384,0,0,147458,8192,0.639836,0.0587951
51,0,2,4609,36,9254,9218,0,4096,32,33664,0,0,9218,4096,0.457959,0.00367544
52,0,2,73729,392,147850,147458,0,8192,992,752384,0,0,147458,8192,0.639836,0.0587951
53,0,2,4609,36,9254,9218,0,4096,32,33664,0,0,9218,4096,0.457959,0.00367544
54,0,2,73729,392,147850,147458,0,8192,992,752384,0,0,147458,8192,0.639836,0.0587951
55,0,2,4609,36,9254,9218,0,4096,32,33664,0,0,9218,4096,0.457959,0.00367544
56,0,2,73729,392,147850,147458,0,8192,992,752384,0,0,147458,8192,0.639836,0.0587951
57,0,2,4609,36,9254,9218,0,4096,32,33664,0,0,9218,4096,0.457959,0.00367544
58,0,2,73729,392,147850,147458,0,8192,992,752384,0,0,147458,8192,0.639836,0.0587951
59,0,2,4609,36,9254,9218,0,4096,32,33664,0,0,9218,4096,0.457959,0.00367544
60,0,2,73729,392,147850,147458,0,8192,992,752384,0,0,147458,8192,0.639836,0.0587951
61,0,2,4609,36,9254,9218,0,4096,32,33664,0,0,9218,4096,0.457959,0.00367544
62,0,2,73729,392,147850,147458,0,8192,992,752384,0,0,147458,8192,0.639836,0.0587951
63,0,2,4609,36,9254,9218,0,4096,32,33664,0,16384,9218,4096,0.680844,0.00367544
64,0,2,73729,392,147850,147458,0,8192,992,752384,0,507904,147458,8192,1.07176,0.0587951
, , , , , , , , , , , , , , , ,2.00011
