sw_avgpool_k13	h16g	ok	0	0	65536
sw_avgpool_k13	h18g	ok	1	3	131072
sw_avgpool_k14	h16g	ok	0	3	65536
sw_avgpool_k14	h18g	ok	1	3	131072
sw_conv_k13	h16g	ok	0	2	3031040
sw_conv_k13	h18g	ok	1	2	3063808
sw_conv_k14	h16g	ok	1	2	3522560
sw_conv_k14	h18g	ok	0	3	3555328
sw_conv_k15	h16g	ok	1	2	4014080
sw_conv_k15	h18g	ok	0	2	4046848
sw_conv_k15x15_valid	h16g	ok	1	3	4014080
sw_conv_k15x15_valid	h18g	ok	0	3	4046848
sw_conv_k16x1	h16g	ok	1	3	180224
sw_conv_k16x1	h18g	ok	0	2	360448
sw_conv_k17x1	h16g	ok	1	2	344064
sw_conv_k17x1	h18g	ok	0	3	688128
sw_conv_k1x10	h16g	ok	1	3	229376
sw_conv_k1x10	h18g	ok	0	2	278528
sw_conv_k1x11	h16g	ok	1	3	245760
sw_conv_k1x11	h18g	ok	1	3	294912
sw_conv_k1x12	h16g	ok	0	3	262144
sw_conv_k1x12	h18g	ok	1	2	311296
sw_conv_k1x13	h16g	ok	0	2	278528
sw_conv_k1x13	h18g	ok	1	3	327680
sw_conv_k1x14	h16g	ok	0	3	311296
sw_conv_k1x14	h18g	ok	1	3	360448
sw_conv_k1x15	h16g	ok	0	2	311296
sw_conv_k1x15	h18g	ok	1	3	360448
sw_conv_k1x16	h16g	fail(rc=1)	0	2	0
sw_conv_k1x16	h18g	fail(rc=1)	1	3	0
sw_conv_k1x16_valid	h16g	fail(rc=1)	0	3	0
sw_conv_k1x16_valid	h18g	fail(rc=1)	1	2	0
sw_conv_k1x17	h16g	fail(rc=1)	1	2	0
sw_conv_k1x17	h18g	fail(rc=1)	0	2	0
sw_conv_k1x24	h16g	fail(rc=1)	1	2	0
sw_conv_k1x24	h18g	fail(rc=1)	0	3	0
sw_conv_k1x32	h16g	fail(rc=1)	1	2	0
sw_conv_k1x32	h18g	fail(rc=1)	0	3	0
sw_conv_k1x64	h16g	fail(rc=1)	1	2	0
sw_conv_k1x64	h18g	fail(rc=1)	0	2	0
sw_conv_k1x9	h16g	ok	1	2	212992
sw_conv_k1x9	h18g	ok	0	3	262144
sw_conv_k24x1	h16g	ok	1	3	475136
sw_conv_k24x1	h18g	ok	0	2	950272
sw_conv_k25x1	h16g	ok	1	2	475136
sw_conv_k25x1	h18g	ok	1	2	950272
sw_conv_k28x1	h16g	ok	0	2	540672
sw_conv_k28x1	h18g	ok	1	2	1081344
sw_conv_k31x1	h16g	ok	0	2	573440
sw_conv_k31x1	h18g	ok	1	3	1146880
sw_conv_k32x1	h16g	fail(rc=1)	0	3	0
sw_conv_k32x1	h18g	fail(rc=1)	1	2	0
sw_conv_k64x1	h16g	fail(rc=1)	0	3	0
sw_conv_k64x1	h18g	fail(rc=1)	1	3	0
sw_matmul_k16384	h16g	ok	0	3	65536
sw_matmul_k16384	h18g	ok	1	2	81920
sw_matmul_k16385	h16g	ok	0	2	65536
sw_matmul_k16385	h18g	ok	1	2	81920
sw_matmul_k32768	h16g	ok	0	3	65536
sw_matmul_k32768	h18g	ok	1	3	81920
sw_matmul_k40000	h16g	fail(rc=1)	1	3	0
sw_matmul_k40000	h18g	fail(rc=1)	0	3	0
sw_matmul_k49152	h16g	fail(rc=1)	1	3	0
sw_matmul_k49152	h18g	fail(rc=1)	0	2	0
sw_matmul_k65535	h16g	fail(rc=1)	1	2	0
sw_matmul_k65535	h18g	fail(rc=1)	0	3	0
sw_matmul_k65536	h16g	fail(rc=1)	1	2	0
sw_matmul_k65536	h18g	fail(rc=1)	0	2	0
sw_maxpool_k13	h16g	fail(rc=1)	1	3	0
sw_maxpool_k13	h18g	fail(rc=1)	0	3	0
sw_maxpool_k14	h16g	fail(rc=1)	1	2	0
sw_maxpool_k14	h18g	fail(rc=1)	0	2	0
sw_maxpool_k1x9	h16g	fail(rc=1)	1	2	0
sw_maxpool_k1x9	h18g	fail(rc=1)	1	2	0
sw_maxpool_k4	h16g	ok	0	2	49152
sw_maxpool_k4	h18g	ok	1	2	98304
sw_maxpool_k5	h16g	ok	0	2	49152
sw_maxpool_k5	h18g	ok	1	2	98304
sw_maxpool_k7	h16g	ok	0	4	49152
sw_maxpool_k7	h18g	ok	1	3	98304
sw_maxpool_k8	h16g	ok	0	3	49152
sw_maxpool_k8	h18g	ok	1	3	98304
sw_maxpool_k9	h16g	fail(rc=1)	0	3	0
sw_maxpool_k9	h18g	fail(rc=1)	1	2	0
sw_maxpool_k9_valid	h16g	fail(rc=1)	0	2	0
sw_maxpool_k9_valid	h18g	fail(rc=1)	1	3	0
sw_maxpool_k9x1	h16g	ok	1	3	49152
sw_maxpool_k9x1	h18g	ok	0	2	98304
conv_k17	h16g	fail(rc=1)	1	2	0
conv_k17	h18g	fail(rc=1)	0	3	0
max_pool_k15	h16g	fail(rc=1)	1	2	0
max_pool_k15	h18g	fail(rc=1)	0	2	0
relu_w65536	h16g	ok	1	3	49152
relu_w65536	h18g	ok	0	2	98304
relu_w65537	h16g	fail(rc=1)	1	2	0
relu_w65537	h18g	fail(rc=1)	0	3	0
relu_c65536	h16g	ok	1	3	49152
relu_c65536	h18g	ok	0	3	98304
relu_c65537	h16g	fail(rc=1)	1	3	0
relu_c65537	h18g	fail(rc=1)	0	2	0
conv3x3	h16g	ok	0	2	131072
conv3x3	h18g	ok	1	2	245760
lstm	h16g	fail(rc=1)	0	3	0
lstm	h18g	fail(rc=1)	1	2	0
cumsum_w	h16g	fail(rc=1)	0	2	0
cumsum_w	h18g	fail(rc=1)	1	2	0
reduce_argmax_c	h16g	fail(rc=1)	0	2	0
reduce_argmax_c	h18g	fail(rc=1)	1	3	0
add_i32	h16g	fail(rc=1)	0	3	0
add_i32	h18g	fail(rc=1)	1	2	0
asin	h16g	fail(rc=1)	0	3	0
asin	h18g	fail(rc=1)	1	2	0
topk_w	h16g	fail(rc=22)	0	3	0
topk_w	h18g	ok	1	2	98304
sdpa	h16g	ok	1	3	81920
sdpa	h18g	ok	0	2	114688
layer_norm_c	h16g	ok	1	3	49152
layer_norm_c	h18g	ok	0	2	98304
gather_dyn	h16g	fail(rc=1)	1	2	0
gather_dyn	h18g	fail(rc=1)	0	3	0
sliding_windows	h16g	fail(rc=1)	1	2	0
sliding_windows	h18g	fail(rc=1)	0	2	0
sw_conv_k16	h16g	OOM	63	8124	0
sw_conv_k16	h18g	OOM	55	8369	0
ARCHDONE
