abs	0	ios18.abs	abs_0	CPU	CPU,GPU,ANE	1.0000
acos	0	ios18.acos	acos_0	CPU	CPU,GPU	1.0000
add	0	ios18.add	add_0	CPU	CPU,GPU,ANE	1.0000
add_bc_batch	0	ios18.add	add_0	CPU	CPU,GPU,ANE	1.0000
add_bc_both	0	ios18.add	add_0	CPU	CPU,GPU,ANE	1.0000
add_bc_ch	0	ios18.add	add_0	CPU	CPU,GPU,ANE	1.0000
add_bc_hw	0	ios18.add	add_0	CPU	CPU,GPU,ANE	1.0000
add_bc_w	0	ios18.add	add_0	CPU	CPU,GPU,ANE	1.0000
add_f32	0	ios18.cast	x1_to_fp16	CPU	CPU,GPU,ANE	0.2032
add_f32	1	ios18.cast	x0_to_fp16	CPU	CPU,GPU,ANE	0.2032
add_f32	2	ios18.add	add_0_cast_fp16	CPU	CPU,GPU,ANE	0.3903
add_f32	3	ios18.cast	add_0	CPU	CPU,GPU,ANE	0.2032
add_i32	0	ios18.add	add_0	CPU	CPU,GPU	1.0000
affine	0	ios18.affine	affine_0	CPU	CPU,ANE	1.0000
argmax_flat	0	ios18.reduce_argmax	reduce_argmax_0	CPU	CPU,GPU	0.9999
argmax_flat	1	ios18.cast	cast_0	CPU	CPU,GPU	0.0001
argsort_w	0	argsort	argsort_0	CPU	CPU,GPU	0.5000
argsort_w	1	ios18.cast	cast_0	CPU	CPU,GPU	0.5000
asin	0	ios18.asin	asin_0	CPU	CPU,GPU	1.0000
atan	0	ios18.atan	atan_0	CPU	CPU,GPU,ANE	1.0000
atanh	0	ios18.atanh	atanh_0	CPU	CPU,GPU	1.0000
avg_pool	0	ios18.avg_pool	avg_pool_0	CPU	CPU,GPU,ANE	1.0000
avg_pool3d	0	ios18.avg_pool	avg_pool_0	CPU	CPU,GPU,ANE	1.0000
band_part	0	band_part	band_part_0	CPU	CPU,GPU	1.0000
batch_norm	0	ios18.batch_norm	batch_norm_0	CPU	CPU,GPU,ANE	1.0000
batch_to_space	0	batch_to_space	batch_to_space_0	CPU	CPU,GPU,ANE	1.0000
cast_f16_f32	0	ios18.cast	cast_0	CPU	CPU,GPU,ANE	1.0000
cast_f16_i32	0	ios18.cast	cast_0	CPU	CPU,GPU	1.0000
cast_f16_i8	0	ios18.cast	cast_0__pre__output__int32__cast	CPU	CPU,GPU,ANE	0.3750
cast_f16_i8	1	ios18.cast	cast_0	CPU	CPU,GPU	0.6250
cast_i32_f16	0	ios18.cast	cast_0	CPU	CPU,GPU	1.0000
ceil	0	ios18.ceil	ceil_0	CPU	CPU,GPU,ANE	1.0000
clip	0	ios18.clip	clip_0	CPU	CPU,GPU,ANE	1.0000
concat_c	0	ios18.concat	concat_0	CPU	CPU,GPU,ANE	1.0000
concat_interleave	0	ios18.concat	concat_0	CPU	CPU,GPU,ANE	1.0000
concat_n	0	ios18.concat	concat_0	CPU	CPU,GPU,ANE	1.0000
concat_w	0	ios18.concat	concat_0	CPU	CPU,GPU,ANE	1.0000
conv1d	0	ios18.conv	conv_0	CPU	CPU,GPU,ANE	1.0000
conv1x1	0	ios18.conv	conv_0	CPU	CPU,GPU,ANE	1.0000
conv3d	0	ios18.conv	conv_0	CPU	CPU,GPU,ANE	1.0000
conv3x3	0	ios18.conv	conv_0	CPU	CPU,GPU,ANE	1.0000
conv3x3_d2	0	ios18.conv	conv_0	CPU	CPU,GPU,ANE	1.0000
conv3x3_dw	0	ios18.conv	conv_0	CPU	CPU,GPU,ANE	1.0000
conv7x7_s2	0	ios18.conv	conv_0	CPU	CPU,GPU,ANE	1.0000
conv_dynw	0	ios18.conv	conv_0	CPU	CPU,GPU,ANE	1.0000
conv_k17	0	ios18.conv	conv_0	GPU	CPU,GPU	1.0000
conv_k1x31	0	ios18.conv	conv_0	CPU	CPU,GPU	1.0000
conv_s5	0	ios18.conv	conv_0	CPU	CPU,GPU,ANE	1.0000
conv_transpose	0	ios18.conv_transpose	conv_transpose_0	ANE	CPU,GPU,ANE	1.0000
conv_transpose_1d	0	ios18.conv_transpose	conv_transpose_0	CPU	CPU,GPU,ANE	1.0000
conv_transpose_3d	0	ios18.conv_transpose	conv_transpose_0	CPU	CPU,GPU,ANE	1.0000
conv_transpose_k3s2	0	ios18.conv_transpose	conv_transpose_0	ANE	CPU,GPU,ANE	1.0000
cos	0	ios18.cos	cos_0	CPU	CPU,GPU,ANE	1.0000
cosh	0	ios18.cosh	cosh_0	CPU	CPU,GPU	1.0000
crop_resize	0	ios18.crop_resize	crop_resize_0	CPU	CPU	1.0000
cumsum_c	0	ios16.cumsum	cumsum_0	CPU	CPU,GPU	1.0000
cumsum_w	0	ios16.cumsum	cumsum_0	CPU	CPU,GPU	1.0000
depth_to_space	0	depth_to_space	depth_to_space_0	CPU	CPU,GPU,ANE	1.0000
elu	0	ios18.elu	elu_0	CPU	CPU,GPU,ANE	1.0000
embedding	0	ios18.cast	x0_to_int16	CPU	CPU,GPU	0.0000
embedding	1	ios18.cast	cast_0	CPU	CPU,GPU	0.0000
embedding	2	ios18.greater_equal	greater_equal_0	CPU	CPU,GPU	0.0000
embedding	3	ios18.add	add_0	CPU	CPU,GPU	0.0000
embedding	4	select	select_0	CPU	CPU,GPU	0.0000
embedding	5	ios18.cast	select_0_to_int16	CPU	CPU,GPU	0.0000
embedding	6	ios18.gather	gather_0	CPU	CPU,GPU	0.9999
equal	0	ios18.equal	equal_0	CPU	CPU,GPU,ANE	0.6250
equal	1	ios18.cast	cast_0	CPU	CPU,GPU,ANE	0.3750
erf	0	ios18.erf	erf_0	CPU	CPU,GPU,ANE	1.0000
exp	0	ios18.exp	exp_0	CPU	CPU,GPU,ANE	1.0000
exp2	0	ios18.exp2	exp2_0	CPU	CPU,GPU,ANE	1.0000
fill_like	0	ios16.fill_like	fill_like_0_cast_fp16	CPU	CPU,GPU,ANE	0.4000
fill_like	1	ios18.cast	fill_like_0	CPU	CPU,GPU,ANE	0.6000
floor	0	ios18.floor	floor_0	CPU	CPU,GPU,ANE	1.0000
floor_div	0	ios18.floor_div	floor_div_0	CPU	CPU,GPU,ANE	1.0000
gather_along_axis	0	ios18.cast	x1_to_int16	CPU	CPU,GPU	0.5000
gather_along_axis	1	ios18.gather_along_axis	gather_along_axis_0	CPU	CPU,GPU,ANE	0.5000
gather_c	0	ios18.gather	gather_0	CPU	CPU,GPU,ANE	1.0000
gather_dyn	0	ios18.cast	x1_to_int16	CPU	CPU,GPU	0.0003
gather_dyn	1	ios18.cast	cast_0	CPU	CPU,GPU	0.0003
gather_dyn	2	ios18.greater_equal	greater_equal_0	CPU	CPU,GPU	0.0002
gather_dyn	3	ios18.add	add_0	CPU	CPU,GPU	0.0003
gather_dyn	4	select	select_0	CPU	CPU,GPU	0.0006
gather_dyn	5	ios18.cast	select_0_to_int16	CPU	CPU,GPU	0.0003
gather_dyn	6	ios18.gather	gather_0	CPU	CPU,GPU	0.9980
gather_nd	0	ios18.cast	x1_to_int16	CPU	CPU,GPU	0.0006
gather_nd	1	ios18.cast	cast_0	CPU	CPU,GPU	0.0006
gather_nd	2	ios18.greater_equal	greater_equal_0	CPU	CPU,GPU	0.0006
gather_nd	3	ios18.add	add_0	CPU	CPU,GPU	0.0007
gather_nd	4	select	select_0	CPU	CPU,GPU	0.0014
gather_nd	5	ios18.cast	select_0_to_int16	CPU	CPU,GPU	0.0006
gather_nd	6	ios18.gather_nd	gather_nd_0	CPU	CPU,GPU,ANE	0.9954
gather_w	0	ios18.gather	gather_0	CPU	CPU,GPU,ANE	1.0000
gelu_exact	0	ios18.gelu	gelu_0	CPU	CPU,GPU,ANE	1.0000
gelu_sigmoid	0	ios18.gelu	gelu_0	CPU	CPU,GPU,ANE	1.0000
gelu_tanh	0	ios18.gelu	gelu_0	CPU	CPU,GPU,ANE	1.0000
global_avg	0	ios16.reduce_mean	reduce_mean_0	CPU	CPU,GPU,ANE	1.0000
greater	0	ios18.greater	greater_0	CPU	CPU,GPU,ANE	0.6250
greater	1	ios18.cast	cast_0	CPU	CPU,GPU,ANE	0.3750
greater_equal	0	ios18.greater_equal	greater_equal_0	CPU	CPU,GPU,ANE	0.6250
greater_equal	1	ios18.cast	cast_0	CPU	CPU,GPU,ANE	0.3750
gru	0	ios18.gru	gru_0_0	CPU	CPU,GPU	1.0000
hard_sigmoid	0	ios18.sigmoid_hard	sigmoid_hard_0	CPU	CPU,GPU,ANE	1.0000
instance_norm	0	ios18.instance_norm	instance_norm_0	CPU	CPU,GPU,ANE	1.0000
inverse	0	ios18.inverse	inverse_0	CPU	CPU,GPU,ANE	1.0000
l2_norm	0	ios18.l2_norm	l2_norm_0	CPU	CPU,GPU,ANE	1.0000
l2_pool	0	ios18.l2_pool	l2_pool_0	CPU	CPU,GPU,ANE	1.0000
layer_norm_c	0	ios18.layer_norm	layer_norm_0	CPU	CPU,GPU,ANE	1.0000
layer_norm_chw	0	ios18.layer_norm	layer_norm_0	CPU	CPU,GPU,ANE	1.0000
layer_norm_hw	0	ios18.layer_norm	layer_norm_0	CPU	CPU,GPU,ANE	1.0000
layer_norm_w	0	ios18.layer_norm	layer_norm_0	CPU	CPU,GPU,ANE	1.0000
leaky_relu	0	ios18.leaky_relu	leaky_relu_0	CPU	CPU,GPU,ANE	1.0000
less	0	ios18.less	less_0	CPU	CPU,GPU,ANE	0.6250
less	1	ios18.cast	cast_0	CPU	CPU,GPU,ANE	0.3750
less_equal	0	ios18.less_equal	less_equal_0	CPU	CPU,GPU,ANE	0.6250
less_equal	1	ios18.cast	cast_0	CPU	CPU,GPU,ANE	0.3750
linear	0	ios18.linear	linear_0	CPU	CPU,GPU,ANE	1.0000
linear_act	0	ios18.linear_activation	linear_activation_0	CPU	CPU,GPU,ANE	1.0000
log	0	ios18.log	log_0	CPU	CPU,GPU,ANE	1.0000
log_softmax	0	ios16.reduce_log_sum_exp	reduce_log_sum_exp_0	CPU	CPU,GPU,ANE	0.2577
log_softmax	1	ios18.sub	sub_0	CPU	CPU,GPU,ANE	0.7423
logical_and	0	ios18.greater	greater_0	CPU	CPU,GPU,ANE	0.2500
logical_and	1	ios18.greater	greater_1	CPU	CPU,GPU,ANE	0.2500
logical_and	2	ios18.logical_and	logical_and_0	CPU	CPU,GPU,ANE	0.2500
logical_and	3	ios18.cast	cast_0	CPU	CPU,GPU,ANE	0.2500
lrn	0	ios18.local_response_norm	local_response_norm_0	CPU	CPU,GPU,ANE	1.0000
lstm	0	ios18.lstm	lstm_0_0	CPU	CPU,GPU	1.0000
matmul_batched4d	0	ios18.matmul	matmul_0	CPU	CPU,GPU,ANE	1.0000
matmul_bc	0	ios18.matmul	matmul_0	CPU	CPU,GPU,ANE	1.0000
matmul_const	0	ios18.matmul	matmul_0	CPU	CPU,GPU,ANE	1.0000
matmul_dyn	0	ios18.matmul	matmul_0	CPU	CPU,GPU,ANE	1.0000
matmul_dyn_tr	0	ios18.matmul	matmul_0	CPU	CPU,GPU,ANE	1.0000
matmul_f32	0	ios18.cast	x1_to_fp16	CPU	CPU,GPU,ANE	0.1683
matmul_f32	1	ios18.cast	x0_to_fp16	CPU	CPU,GPU,ANE	0.1683
matmul_f32	2	ios18.matmul	matmul_0_cast_fp16	CPU	CPU,GPU,ANE	0.5792
matmul_f32	3	ios18.cast	matmul_0	CPU	CPU,GPU,ANE	0.0842
matmul_i32	0	ios18.matmul	matmul_0	CPU	CPU,GPU	1.0000
max_pool	0	ios18.max_pool	max_pool_0	CPU	CPU,GPU,ANE	1.0000
max_pool_k15	0	ios18.max_pool	max_pool_0	CPU	CPU,GPU	1.0000
maximum	0	ios18.maximum	maximum_0	CPU	CPU,GPU,ANE	1.0000
minimum	0	ios18.minimum	minimum_0	CPU	CPU,GPU,ANE	1.0000
mod	0	ios18.mod	mod_0	CPU	CPU,GPU	1.0000
mul	0	ios18.mul	mul_0	CPU	CPU,GPU,ANE	1.0000
mul_i32	0	ios18.mul	mul_0	CPU	CPU,GPU	1.0000
nms	-	ERROR	-	-	-	Error Domain=com.apple.mlassetio Code=1 "Failed to parse the model specification. Error: Unable to parse ML Program: in operation non_maximum_suppression_0: Param 'boxes' has incorrect type for operat
nonzero	0	non_zero	non_zero_0	CPU	CPU	-
nonzero	1	ios18.cast	cast_0	CPU	CPU,GPU,ANE	-
not_equal	0	ios18.not_equal	not_equal_0	CPU	CPU,GPU,ANE	0.6250
not_equal	1	ios18.cast	cast_0	CPU	CPU,GPU,ANE	0.3750
one_hot	0	one_hot	one_hot_0	CPU	CPU,GPU	1.0000
pad_c	0	pad	pad_0	CPU	CPU,GPU,ANE	1.0000
pad_const	0	pad	pad_0	CPU	CPU,GPU,ANE	1.0000
pad_reflect	0	pad	pad_0	CPU	CPU,GPU,ANE	1.0000
pad_replicate	0	pad	pad_0	CPU	CPU,GPU,ANE	1.0000
pixel_shuffle	0	pixel_shuffle	pixel_shuffle_0	CPU	CPU,GPU,ANE	1.0000
pixel_unshuffle	0	ios16.pixel_unshuffle	pixel_unshuffle_0	CPU	CPU,GPU,ANE	1.0000
pow	0	ios18.pow	pow_0	CPU	CPU,GPU,ANE	1.0000
pow_const	0	ios18.pow	pow_0	CPU	CPU,GPU,ANE	1.0000
pow_half	0	ios18.pow	pow_0	CPU	CPU,GPU,ANE	1.0000
prelu	0	ios18.leaky_relu	prelu_0	CPU	CPU,GPU,ANE	1.0000
q_dq_i8	0	ios18.quantize	quantize_0	CPU	CPU,GPU,ANE	0.5000
q_dq_i8	1	ios18.dequantize	dequantize_0	CPU	CPU,GPU,ANE	0.5000
quantize_i8	0	ios18.quantize	quantize_0__pre__output__int32__cast	CPU	CPU,GPU,ANE	0.3750
quantize_i8	1	ios18.cast	quantize_0	CPU	CPU,GPU	0.6250
random_normal	0	ios18.random_normal	random_normal_0_cast_fp16	CPU	CPU,GPU	0.1479
random_normal	1	ios18.add	add_0	CPU	CPU,GPU,ANE	0.8521
range_1d	0	ios18.cast	x0_to_int16	CPU	CPU	-
range_1d	1	ios18.squeeze	squeeze_0_cast_int16	CPU	CPU,GPU,ANE	-
range_1d	2	ios18.cast	squeeze_0_cast_int16_to_int32	CPU	CPU,GPU	-
range_1d	3	range_1d	range_1d_0	CPU	CPU	-
range_1d	4	ios18.cast	cast_0	CPU	CPU,GPU,ANE	-
real_div	0	ios18.real_div	real_div_0	CPU	CPU,GPU,ANE	1.0000
reduce_argmax_c	0	ios18.reduce_argmax	reduce_argmax_0	CPU	CPU,GPU	0.9565
reduce_argmax_c	1	ios18.cast	cast_0	CPU	CPU,GPU	0.0435
reduce_argmax_w	0	ios18.reduce_argmax	reduce_argmax_0	CPU	CPU,GPU	0.9189
reduce_argmax_w	1	ios18.cast	cast_0	CPU	CPU,GPU	0.0811
reduce_l1_norm_c	0	ios16.reduce_l1_norm	reduce_l1_norm_0	CPU	CPU,GPU,ANE	1.0000
reduce_l2_norm_c	0	ios16.reduce_l2_norm	reduce_l2_norm_0	CPU	CPU,GPU,ANE	1.0000
reduce_log_sum_c	0	ios16.reduce_log_sum	reduce_log_sum_0	CPU	CPU,GPU,ANE	1.0000
reduce_log_sum_exp_c	0	ios16.reduce_log_sum_exp	reduce_log_sum_exp_0	CPU	CPU,GPU,ANE	1.0000
reduce_max_c	0	ios16.reduce_max	reduce_max_0	CPU	CPU,GPU,ANE	1.0000
reduce_mean_c	0	ios16.reduce_mean	reduce_mean_0	CPU	CPU,GPU,ANE	1.0000
reduce_min_c	0	ios16.reduce_min	reduce_min_0	CPU	CPU,GPU,ANE	1.0000
reduce_prod_c	0	ios16.reduce_prod	reduce_prod_0	CPU	CPU,GPU	1.0000
reduce_sum_all	0	ios16.reduce_sum	reduce_sum_0	CPU	CPU,GPU,ANE	1.0000
reduce_sum_c	0	ios16.reduce_sum	reduce_sum_0	CPU	CPU,GPU,ANE	1.0000
reduce_sum_square_c	0	ios16.reduce_sum_square	reduce_sum_square_0	CPU	CPU,GPU,ANE	1.0000
reduce_sum_w	0	ios16.reduce_sum	reduce_sum_0	CPU	CPU,GPU,ANE	1.0000
relu	0	ios18.relu	relu_0	CPU	CPU,GPU,ANE	1.0000
relu6	0	ios18.relu6	relu6_0	CPU	CPU,GPU,ANE	1.0000
relu_c65536	0	ios18.relu	relu_0	CPU	CPU,GPU,ANE	1.0000
relu_c65537	0	ios18.relu	relu_0	CPU	CPU,GPU	1.0000
relu_f32	0	ios18.cast	x0_to_fp16	CPU	CPU,GPU,ANE	0.4157
relu_f32	1	ios18.relu	relu_0_cast_fp16	CPU	CPU,GPU,ANE	0.1686
relu_f32	2	ios18.cast	relu_0	CPU	CPU,GPU,ANE	0.4157
relu_h65536	0	ios18.relu	relu_0	CPU	CPU,GPU,ANE	1.0000
relu_h65537	0	ios18.relu	relu_0	CPU	CPU,GPU	1.0000
relu_n64	0	ios18.relu	relu_0	CPU	CPU,GPU,ANE	1.0000
relu_r1	0	ios18.relu	relu_0	CPU	CPU,GPU,ANE	1.0000
relu_r2	0	ios18.relu	relu_0	CPU	CPU,GPU,ANE	1.0000
relu_r3	0	ios18.relu	relu_0	CPU	CPU,GPU,ANE	1.0000
relu_r5	0	ios18.relu	relu_0	CPU	CPU,GPU,ANE	1.0000
relu_w16384	0	ios18.relu	relu_0	CPU	CPU,GPU,ANE	1.0000
relu_w16385	0	ios18.relu	relu_0	CPU	CPU,GPU,ANE	1.0000
relu_w65536	0	ios18.relu	relu_0	CPU	CPU,GPU,ANE	1.0000
relu_w65537	0	ios18.relu	relu_0	CPU	CPU,GPU	1.0000
resample	0	ios18.resample	resample_0	CPU	CPU,GPU,ANE	1.0000
reshape	0	ios18.reshape	reshape_0	CPU	CPU,GPU,ANE	1.0000
reshape_split_c	0	ios18.reshape	reshape_0	CPU	CPU,GPU,ANE	1.0000
resize_bilinear	0	ios16.resize_bilinear	resize_bilinear_0	CPU	CPU,GPU,ANE	1.0000
resize_down	0	ios18.resize	resize_0	CPU	CPU,ANE	1.0000
resize_nearest	0	resize_nearest_neighbor	resize_nearest_neighbor_0	CPU	CPU,GPU,ANE	1.0000
reverse_w	0	ios18.reverse	reverse_0	CPU	CPU,GPU,ANE	1.0000
rnn	0	ios18.rnn	rnn_0_0	CPU	CPU,GPU	1.0000
round	0	ios18.round	round_0	CPU	CPU,GPU,ANE	1.0000
rsqrt	0	ios18.rsqrt	rsqrt_0	CPU	CPU,GPU,ANE	1.0000
scaled_tanh	0	ios18.scaled_tanh	scaled_tanh_0	CPU	CPU,GPU,ANE	1.0000
scatter	0	ios18.scatter	scatter_0	CPU	CPU,GPU	1.0000
scatter_along_axis	0	ios18.scatter_along_axis	scatter_along_axis_0	CPU	CPU,GPU	1.0000
sdpa	0	ios18.scaled_dot_product_attention	scaled_dot_product_attention_0	CPU	CPU,GPU,ANE	1.0000
sdpa_mask	0	ios18.scaled_dot_product_attention	scaled_dot_product_attention_0	CPU	CPU,GPU,ANE	1.0000
select	0	ios18.greater	greater_0	CPU	CPU,GPU,ANE	0.3000
select	1	select	select_0	CPU	CPU,GPU,ANE	0.7000
shape	0	identity	x0_tmp	CPU	CPU,GPU,ANE	-
sigmoid	0	ios18.sigmoid	sigmoid_0	CPU	CPU,GPU,ANE	1.0000
sign	0	ios18.sign	sign_0	CPU	CPU,GPU,ANE	1.0000
silu	0	ios18.silu	silu_0	CPU	CPU,GPU,ANE	1.0000
sin	0	ios18.sin	sin_0	CPU	CPU,GPU,ANE	1.0000
sinh	0	ios18.sinh	sinh_0	CPU	CPU,GPU	1.0000
slice_by_size	0	ios18.slice_by_size	slice_by_size_0	CPU	CPU,GPU,ANE	1.0000
slice_c	0	ios18.slice_by_index	slice_by_index_0	CPU	CPU,GPU,ANE	1.0000
slice_dyn	0	ios18.slice_by_size	slice_by_size_0	CPU	CPU,GPU	1.0000
slice_w_stride2	0	ios18.slice_by_index	slice_by_index_0	CPU	CPU,GPU,ANE	1.0000
sliding_windows	0	ios18.sliding_windows	sliding_windows_0	CPU	CPU	1.0000
softmax_c	0	ios18.softmax	softmax_0	CPU	CPU,GPU,ANE	1.0000
softmax_h	0	ios18.softmax	softmax_0	CPU	CPU,GPU,ANE	1.0000
softmax_n	0	ios18.softmax	softmax_0	CPU	CPU,GPU,ANE	1.0000
softmax_w	0	ios18.softmax	softmax_0	CPU	CPU,GPU,ANE	1.0000
softplus	0	ios18.softplus	softplus_0	CPU	CPU,GPU,ANE	1.0000
softsign	0	ios18.softsign	softsign_0	CPU	CPU,GPU,ANE	1.0000
space_to_batch	0	space_to_batch	space_to_batch_0	CPU	CPU,GPU,ANE	1.0000
space_to_depth	0	space_to_depth	space_to_depth_0	CPU	CPU,GPU,ANE	1.0000
split_c	0	split	split_0_0	CPU	CPU,GPU,ANE	1.0000
sqrt	0	ios18.sqrt	sqrt_0	CPU	CPU,GPU,ANE	1.0000
square	0	ios18.square	square_0	CPU	CPU,GPU,ANE	1.0000
squeeze_expand	0	ios18.squeeze	squeeze_0	CPU	CPU,GPU,ANE	0.5000
squeeze_expand	1	ios18.expand_dims	expand_dims_0	CPU	CPU,GPU,ANE	0.5000
stack	0	stack	stack_0	CPU	CPU,GPU,ANE	1.0000
sub	0	ios18.sub	sub_0	CPU	CPU,GPU,ANE	1.0000
tan	0	ios18.tan	tan_0	CPU	CPU,GPU	1.0000
tanh	0	ios18.tanh	tanh_0	CPU	CPU,GPU,ANE	1.0000
thresholded_relu	0	ios18.thresholded_relu	thresholded_relu_0	CPU	CPU,GPU,ANE	1.0000
tile	0	tile	tile_0	CPU	CPU,GPU,ANE	1.0000
topk_c	0	ios18.topk	topk_0_0	CPU	CPU,GPU,ANE	1.0000
topk_large	0	ios18.topk	topk_0_0	CPU	CPU,GPU,ANE	1.0000
topk_w	0	ios18.topk	topk_0_0	CPU	CPU,GPU,ANE	1.0000
transpose_cw	0	ios18.transpose	transpose_0	CPU	CPU,GPU,ANE	1.0000
transpose_hw	0	ios18.transpose	transpose_0	CPU	CPU,GPU,ANE	1.0000
transpose_nc	0	ios18.transpose	transpose_0	CPU	CPU,GPU,ANE	1.0000
transpose_r5	0	ios18.transpose	transpose_0	CPU	CPU,GPU,ANE	1.0000
upsample_bilinear	0	ios16.upsample_bilinear	upsample_bilinear_0	ANE	CPU,GPU,ANE	1.0000
upsample_bilinear_ac	0	ios16.upsample_bilinear	upsample_bilinear_0	ANE	CPU,GPU,ANE	1.0000
upsample_nearest	0	upsample_nearest_neighbor	upsample_nearest_neighbor_0	CPU	CPU,GPU,ANE	1.0000
upsample_nearest_frac	0	upsample_nearest_neighbor	upsample_nearest_neighbor_0	CPU	CPU,GPU,ANE	1.0000
upsample_nearest_x3	0	upsample_nearest_neighbor	upsample_nearest_neighbor_0	CPU	CPU,GPU,ANE	1.0000
